date,time,phase,phaseid,datetime,timestamp,friendlydate
01/06/2006,01:56 PM,First Quarter,2,2006-01-06 13:56:00,1136573760,"January 6, 2006"
01/14/2006,04:48 AM,Full Moon,3,2006-01-14 04:48:00,1137232080,"January 14, 2006"
01/22/2006,10:14 AM,Last Quarter,4,2006-01-22 10:14:00,1137942840,"January 22, 2006"
01/29/2006,09:15 AM,New Moon,1,2006-01-29 09:15:00,1138544100,"January 29, 2006"
02/05/2006,01:29 AM,First Quarter,2,2006-02-05 01:29:00,1139120940,"February 5, 2006"
02/12/2006,11:44 PM,Full Moon,3,2006-02-12 23:44:00,1139805840,"February 12, 2006"
02/21/2006,02:17 AM,Last Quarter,4,2006-02-21 02:17:00,1140506220,"February 21, 2006"
02/27/2006,07:31 PM,New Moon,1,2006-02-27 19:31:00,1141086660,"February 27, 2006"
03/06/2006,03:16 PM,First Quarter,2,2006-03-06 15:16:00,1141676160,"March 6, 2006"
03/14/2006,06:35 PM,Full Moon,3,2006-03-14 18:35:00,1142379300,"March 14, 2006"
03/22/2006,02:11 PM,Last Quarter,4,2006-03-22 14:11:00,1143054660,"March 22, 2006"
03/29/2006,05:15 AM,New Moon,1,2006-03-29 05:15:00,1143627300,"March 29, 2006"
04/05/2006,08:01 AM,First Quarter,2,2006-04-05 08:01:00,1144238460,"April 5, 2006"
04/13/2006,12:40 PM,Full Moon,3,2006-04-13 12:40:00,1144946400,"April 13, 2006"
04/20/2006,11:28 PM,Last Quarter,4,2006-04-20 23:28:00,1145590080,"April 20, 2006"
04/27/2006,03:44 PM,New Moon,1,2006-04-27 15:44:00,1146167040,"April 27, 2006"
05/05/2006,01:13 AM,First Quarter,2,2006-05-05 01:13:00,1146805980,"May 5, 2006"
05/13/2006,02:51 AM,Full Moon,3,2006-05-13 02:51:00,1147503060,"May 13, 2006"
05/20/2006,05:21 AM,Last Quarter,4,2006-05-20 05:21:00,1148116860,"May 20, 2006"
05/27/2006,01:26 AM,New Moon,1,2006-05-27 01:26:00,1148707560,"May 27, 2006"
06/03/2006,07:06 PM,First Quarter,2,2006-06-03 19:06:00,1149375960,"June 3, 2006"
06/11/2006,02:03 PM,Full Moon,3,2006-06-11 14:03:00,1150048980,"June 11, 2006"
06/18/2006,10:08 AM,Last Quarter,4,2006-06-18 10:08:00,1150639680,"June 18, 2006"
06/25/2006,12:05 PM,New Moon,1,2006-06-25 12:05:00,1151251500,"June 25, 2006"
07/03/2006,12:37 PM,First Quarter,2,2006-07-03 12:37:00,1151944620,"July 3, 2006"
07/10/2006,11:02 PM,Full Moon,3,2006-07-10 23:02:00,1152586920,"July 10, 2006"
07/17/2006,03:13 PM,Last Quarter,4,2006-07-17 15:13:00,1153163580,"July 17, 2006"
07/25/2006,12:31 AM,New Moon,1,2006-07-25 00:31:00,1153801860,"July 25, 2006"
08/02/2006,04:46 AM,First Quarter,2,2006-08-02 04:46:00,1154508360,"August 2, 2006"
08/09/2006,06:54 AM,Full Moon,3,2006-08-09 06:54:00,1155120840,"August 9, 2006"
08/15/2006,09:51 PM,Last Quarter,4,2006-08-15 21:51:00,1155693060,"August 15, 2006"
08/23/2006,03:10 PM,New Moon,1,2006-08-23 15:10:00,1156360200,"August 23, 2006"
08/31/2006,06:57 PM,First Quarter,2,2006-08-31 18:57:00,1157065020,"August 31, 2006"
09/07/2006,02:42 PM,Full Moon,3,2006-09-07 14:42:00,1157654520,"September 7, 2006"
09/14/2006,07:15 AM,Last Quarter,4,2006-09-14 07:15:00,1158232500,"September 14, 2006"
09/22/2006,07:45 AM,New Moon,1,2006-09-22 07:45:00,1158925500,"September 22, 2006"
09/30/2006,07:04 AM,First Quarter,2,2006-09-30 07:04:00,1159614240,"September 30, 2006"
10/06/2006,11:13 PM,Full Moon,3,2006-10-06 23:13:00,1160190780,"October 6, 2006"
10/13/2006,08:26 PM,Last Quarter,4,2006-10-13 20:26:00,1160785560,"October 13, 2006"
10/22/2006,01:14 AM,New Moon,1,2006-10-22 01:14:00,1161494040,"October 22, 2006"
10/29/2006,04:25 PM,First Quarter,2,2006-10-29 16:25:00,1162157100,"October 29, 2006"
11/05/2006,07:58 AM,Full Moon,3,2006-11-05 07:58:00,1162731480,"November 5, 2006"
11/12/2006,12:45 PM,Last Quarter,4,2006-11-12 12:45:00,1163353500,"November 12, 2006"
11/20/2006,05:18 PM,New Moon,1,2006-11-20 17:18:00,1164061080,"November 20, 2006"
11/28/2006,01:29 AM,First Quarter,2,2006-11-28 01:29:00,1164695340,"November 28, 2006"
12/04/2006,07:25 PM,Full Moon,3,2006-12-04 19:25:00,1165278300,"December 4, 2006"
12/12/2006,09:32 AM,Last Quarter,4,2006-12-12 09:32:00,1165933920,"December 12, 2006"
12/20/2006,09:01 AM,New Moon,1,2006-12-20 09:01:00,1166623260,"December 20, 2006"
12/27/2006,09:48 AM,First Quarter,2,2006-12-27 09:48:00,1167230880,"December 27, 2006"
01/03/2007,08:57 AM,Full Moon,3,2007-01-03 08:57:00,1167832620,"January 3, 2007"
01/11/2007,07:45 AM,Last Quarter,4,2007-01-11 07:45:00,1168519500,"January 11, 2007"
01/18/2007,11:01 PM,New Moon,1,2007-01-18 23:01:00,1169179260,"January 18, 2007"
01/25/2007,06:01 PM,First Quarter,2,2007-01-25 18:01:00,1169766060,"January 25, 2007"
02/02/2007,12:45 AM,Full Moon,3,2007-02-02 00:45:00,1170395100,"February 2, 2007"
02/10/2007,04:51 AM,Last Quarter,4,2007-02-10 04:51:00,1171101060,"February 10, 2007"
02/17/2007,11:14 AM,New Moon,1,2007-02-17 11:14:00,1171728840,"February 17, 2007"
02/24/2007,02:56 AM,First Quarter,2,2007-02-24 02:56:00,1172303760,"February 24, 2007"
03/03/2007,06:17 PM,Full Moon,3,2007-03-03 18:17:00,1172963820,"March 3, 2007"
03/11/2007,11:54 PM,Last Quarter,4,2007-03-11 23:54:00,1173671640,"March 11, 2007"
03/18/2007,10:43 PM,New Moon,1,2007-03-18 22:43:00,1174272180,"March 18, 2007"
03/25/2007,02:16 PM,First Quarter,2,2007-03-25 14:16:00,1174846560,"March 25, 2007"
04/02/2007,01:15 PM,Full Moon,3,2007-04-02 13:15:00,1175534100,"April 2, 2007"
04/10/2007,02:04 PM,Last Quarter,4,2007-04-10 14:04:00,1176228240,"April 10, 2007"
04/17/2007,07:36 AM,New Moon,1,2007-04-17 07:36:00,1176809760,"April 17, 2007"
04/24/2007,02:36 AM,First Quarter,2,2007-04-24 02:36:00,1177396560,"April 24, 2007"
05/02/2007,06:09 AM,Full Moon,3,2007-05-02 06:09:00,1178100540,"May 2, 2007"
05/10/2007,12:27 AM,Last Quarter,4,2007-05-10 00:27:00,1178771220,"May 10, 2007"
05/16/2007,03:27 PM,New Moon,1,2007-05-16 15:27:00,1179343620,"May 16, 2007"
05/23/2007,05:03 PM,First Quarter,2,2007-05-23 17:03:00,1179954180,"May 23, 2007"
05/31/2007,09:04 PM,Full Moon,3,2007-05-31 21:04:00,1180659840,"May 31, 2007"
06/08/2007,07:43 AM,Last Quarter,4,2007-06-08 07:43:00,1181302980,"June 8, 2007"
06/14/2007,11:13 PM,New Moon,1,2007-06-14 23:13:00,1181877180,"June 14, 2007"
06/22/2007,09:15 AM,First Quarter,2,2007-06-22 09:15:00,1182518100,"June 22, 2007"
06/30/2007,09:49 AM,Full Moon,3,2007-06-30 09:49:00,1183211340,"June 30, 2007"
07/07/2007,12:54 PM,Last Quarter,4,2007-07-07 12:54:00,1183827240,"July 7, 2007"
07/14/2007,08:04 AM,New Moon,1,2007-07-14 08:04:00,1184414640,"July 14, 2007"
07/22/2007,02:29 AM,First Quarter,2,2007-07-22 02:29:00,1185085740,"July 22, 2007"
07/29/2007,08:48 PM,Full Moon,3,2007-07-29 20:48:00,1185756480,"July 29, 2007"
08/05/2007,05:20 PM,Last Quarter,4,2007-08-05 17:20:00,1186348800,"August 5, 2007"
08/12/2007,07:03 PM,New Moon,1,2007-08-12 19:03:00,1186959780,"August 12, 2007"
08/20/2007,07:54 PM,First Quarter,2,2007-08-20 19:54:00,1187654040,"August 20, 2007"
08/28/2007,06:35 AM,Full Moon,3,2007-08-28 06:35:00,1188297300,"August 28, 2007"
09/03/2007,10:32 PM,Last Quarter,4,2007-09-03 22:32:00,1188873120,"September 3, 2007"
09/11/2007,08:44 AM,New Moon,1,2007-09-11 08:44:00,1189514640,"September 11, 2007"
09/19/2007,12:48 PM,First Quarter,2,2007-09-19 12:48:00,1190220480,"September 19, 2007"
09/26/2007,03:45 PM,Full Moon,3,2007-09-26 15:45:00,1190835900,"September 26, 2007"
10/03/2007,06:06 AM,Last Quarter,4,2007-10-03 06:06:00,1191405960,"October 3, 2007"
10/11/2007,01:01 AM,New Moon,1,2007-10-11 01:01:00,1192078860,"October 11, 2007"
10/19/2007,04:33 AM,First Quarter,2,2007-10-19 04:33:00,1192782780,"October 19, 2007"
10/26/2007,12:52 AM,Full Moon,3,2007-10-26 00:52:00,1193374320,"October 26, 2007"
11/01/2007,05:18 PM,Last Quarter,4,2007-11-01 17:18:00,1193951880,"November 1, 2007"
11/09/2007,06:03 PM,New Moon,1,2007-11-09 18:03:00,1194649380,"November 9, 2007"
11/17/2007,05:33 PM,First Quarter,2,2007-11-17 17:33:00,1195338780,"November 17, 2007"
11/24/2007,09:30 AM,Full Moon,3,2007-11-24 09:30:00,1195914600,"November 24, 2007"
12/01/2007,07:44 AM,Last Quarter,4,2007-12-01 07:44:00,1196513040,"December 1, 2007"
12/09/2007,12:40 PM,New Moon,1,2007-12-09 12:40:00,1197222000,"December 9, 2007"
12/17/2007,05:18 AM,First Quarter,2,2007-12-17 05:18:00,1197886680,"December 17, 2007"
12/23/2007,08:16 PM,Full Moon,3,2007-12-23 20:16:00,1198458960,"December 23, 2007"
12/31/2007,02:51 AM,Last Quarter,4,2007-12-31 02:51:00,1199087460,"December 31, 2007"
01/08/2008,06:37 AM,New Moon,1,2008-01-08 06:37:00,1199792220,"January 8, 2008"
01/15/2008,02:46 PM,First Quarter,2,2008-01-15 14:46:00,1200426360,"January 15, 2008"
01/22/2008,08:35 AM,Full Moon,3,2008-01-22 08:35:00,1201008900,"January 22, 2008"
01/30/2008,12:03 AM,Last Quarter,4,2008-01-30 00:03:00,1201669380,"January 30, 2008"
02/06/2008,10:45 PM,New Moon,1,2008-02-06 22:45:00,1202355900,"February 6, 2008"
02/13/2008,10:33 PM,First Quarter,2,2008-02-13 22:33:00,1202959980,"February 13, 2008"
02/20/2008,10:31 PM,Full Moon,3,2008-02-20 22:31:00,1203564660,"February 20, 2008"
02/28/2008,09:18 PM,Last Quarter,4,2008-02-28 21:18:00,1204251480,"February 28, 2008"
03/07/2008,12:14 PM,New Moon,1,2008-03-07 12:14:00,1204910040,"March 7, 2008"
03/14/2008,06:46 AM,First Quarter,2,2008-03-14 06:46:00,1205491560,"March 14, 2008"
03/21/2008,02:40 PM,Full Moon,3,2008-03-21 14:40:00,1206124800,"March 21, 2008"
03/29/2008,05:47 PM,Last Quarter,4,2008-03-29 17:47:00,1206827220,"March 29, 2008"
04/05/2008,11:55 PM,New Moon,1,2008-04-05 23:55:00,1207454100,"April 5, 2008"
04/12/2008,02:32 PM,First Quarter,2,2008-04-12 14:32:00,1208025120,"April 12, 2008"
04/20/2008,06:25 AM,Full Moon,3,2008-04-20 06:25:00,1208687100,"April 20, 2008"
04/28/2008,10:12 AM,Last Quarter,4,2008-04-28 10:12:00,1209391920,"April 28, 2008"
05/05/2008,08:18 AM,New Moon,1,2008-05-05 08:18:00,1209989880,"May 5, 2008"
05/11/2008,11:47 PM,First Quarter,2,2008-05-11 23:47:00,1210564020,"May 11, 2008"
05/19/2008,10:11 PM,Full Moon,3,2008-05-19 22:11:00,1211249460,"May 19, 2008"
05/27/2008,10:57 PM,Last Quarter,4,2008-05-27 22:57:00,1211943420,"May 27, 2008"
06/03/2008,03:23 PM,New Moon,1,2008-06-03 15:23:00,1212520980,"June 3, 2008"
06/10/2008,11:04 AM,First Quarter,2,2008-06-10 11:04:00,1213110240,"June 10, 2008"
06/18/2008,01:30 PM,Full Moon,3,2008-06-18 13:30:00,1213810200,"June 18, 2008"
06/26/2008,08:10 AM,Last Quarter,4,2008-06-26 08:10:00,1214482200,"June 26, 2008"
07/02/2008,10:19 PM,New Moon,1,2008-07-02 22:19:00,1215051540,"July 2, 2008"
07/10/2008,12:35 AM,First Quarter,2,2008-07-10 00:35:00,1215664500,"July 10, 2008"
07/18/2008,03:59 AM,Full Moon,3,2008-07-18 03:59:00,1216367940,"July 18, 2008"
07/25/2008,02:42 PM,Last Quarter,4,2008-07-25 14:42:00,1217011320,"July 25, 2008"
08/01/2008,06:13 AM,New Moon,1,2008-08-01 06:13:00,1217585580,"August 1, 2008"
08/08/2008,04:20 PM,First Quarter,2,2008-08-08 16:20:00,1218226800,"August 8, 2008"
08/16/2008,05:16 PM,Full Moon,3,2008-08-16 17:16:00,1218921360,"August 16, 2008"
08/23/2008,07:50 PM,Last Quarter,4,2008-08-23 19:50:00,1219535400,"August 23, 2008"
08/30/2008,03:58 PM,New Moon,1,2008-08-30 15:58:00,1220126280,"August 30, 2008"
09/07/2008,10:04 AM,First Quarter,2,2008-09-07 10:04:00,1220796240,"September 7, 2008"
09/15/2008,05:13 AM,Full Moon,3,2008-09-15 05:13:00,1221469980,"September 15, 2008"
09/22/2008,01:04 AM,Last Quarter,4,2008-09-22 01:04:00,1222059840,"September 22, 2008"
09/29/2008,04:12 AM,New Moon,1,2008-09-29 04:12:00,1222675920,"September 29, 2008"
10/07/2008,05:04 AM,First Quarter,2,2008-10-07 05:04:00,1223370240,"October 7, 2008"
10/14/2008,04:02 PM,Full Moon,3,2008-10-14 16:02:00,1224014520,"October 14, 2008"
10/21/2008,07:55 AM,Last Quarter,4,2008-10-21 07:55:00,1224590100,"October 21, 2008"
10/28/2008,07:14 PM,New Moon,1,2008-10-28 19:14:00,1225235640,"October 28, 2008"
11/05/2008,11:03 PM,First Quarter,2,2008-11-05 23:03:00,1225944180,"November 5, 2008"
11/13/2008,01:17 AM,Full Moon,3,2008-11-13 01:17:00,1226557020,"November 13, 2008"
11/19/2008,04:31 PM,Last Quarter,4,2008-11-19 16:31:00,1227130260,"November 19, 2008"
11/27/2008,11:55 AM,New Moon,1,2008-11-27 11:55:00,1227804900,"November 27, 2008"
12/05/2008,04:26 PM,First Quarter,2,2008-12-05 16:26:00,1228512360,"December 5, 2008"
12/12/2008,11:37 AM,Full Moon,3,2008-12-12 11:37:00,1229099820,"December 12, 2008"
12/19/2008,05:29 AM,Last Quarter,4,2008-12-19 05:29:00,1229682540,"December 19, 2008"
12/27/2008,07:22 AM,New Moon,1,2008-12-27 07:22:00,1230380520,"December 27, 2008"
01/04/2009,06:56 AM,First Quarter,2,2009-01-04 06:56:00,1231070160,"January 4, 2009"
01/10/2009,10:27 PM,Full Moon,3,2009-01-10 22:27:00,1231644420,"January 10, 2009"
01/17/2009,09:46 PM,Last Quarter,4,2009-01-17 21:46:00,1232246760,"January 17, 2009"
01/26/2009,02:55 AM,New Moon,1,2009-01-26 02:55:00,1232956500,"January 26, 2009"
02/02/2009,06:13 PM,First Quarter,2,2009-02-02 18:13:00,1233616380,"February 2, 2009"
02/09/2009,09:49 AM,Full Moon,3,2009-02-09 09:49:00,1234190940,"February 9, 2009"
02/16/2009,04:37 PM,Last Quarter,4,2009-02-16 16:37:00,1234820220,"February 16, 2009"
02/24/2009,08:35 PM,New Moon,1,2009-02-24 20:35:00,1235525700,"February 24, 2009"
03/04/2009,02:46 AM,First Quarter,2,2009-03-04 02:46:00,1236152760,"March 4, 2009"
03/10/2009,10:38 PM,Full Moon,3,2009-03-10 22:38:00,1236739080,"March 10, 2009"
03/18/2009,01:47 PM,Last Quarter,4,2009-03-18 13:47:00,1237398420,"March 18, 2009"
03/26/2009,12:06 PM,New Moon,1,2009-03-26 12:06:00,1238083560,"March 26, 2009"
04/02/2009,10:34 AM,First Quarter,2,2009-04-02 10:34:00,1238682840,"April 2, 2009"
04/09/2009,10:56 AM,Full Moon,3,2009-04-09 10:56:00,1239288960,"April 9, 2009"
04/17/2009,09:36 AM,Last Quarter,4,2009-04-17 09:36:00,1239975360,"April 17, 2009"
04/24/2009,11:23 PM,New Moon,1,2009-04-24 23:23:00,1240629780,"April 24, 2009"
05/01/2009,04:44 PM,First Quarter,2,2009-05-01 16:44:00,1241210640,"May 1, 2009"
05/09/2009,12:01 AM,Full Moon,3,2009-05-09 00:01:00,1241841660,"May 9, 2009"
05/17/2009,03:26 AM,Last Quarter,4,2009-05-17 03:26:00,1242545160,"May 17, 2009"
05/24/2009,08:11 AM,New Moon,1,2009-05-24 08:11:00,1243167060,"May 24, 2009"
05/30/2009,11:22 PM,First Quarter,2,2009-05-30 23:22:00,1243740120,"May 30, 2009"
06/07/2009,02:12 PM,Full Moon,3,2009-06-07 14:12:00,1244398320,"June 7, 2009"
06/15/2009,06:15 PM,Last Quarter,4,2009-06-15 18:15:00,1245104100,"June 15, 2009"
06/22/2009,03:35 PM,New Moon,1,2009-06-22 15:35:00,1245699300,"June 22, 2009"
06/29/2009,07:28 AM,First Quarter,2,2009-06-29 07:28:00,1246274880,"June 29, 2009"
07/07/2009,05:21 AM,Full Moon,3,2009-07-07 05:21:00,1246958460,"July 7, 2009"
07/15/2009,05:53 AM,Last Quarter,4,2009-07-15 05:53:00,1247651580,"July 15, 2009"
07/21/2009,10:35 PM,New Moon,1,2009-07-21 22:35:00,1248230100,"July 21, 2009"
07/28/2009,06:00 PM,First Quarter,2,2009-07-28 18:00:00,1248818400,"July 28, 2009"
08/05/2009,08:55 PM,Full Moon,3,2009-08-05 20:55:00,1249520100,"August 5, 2009"
08/13/2009,02:55 PM,Last Quarter,4,2009-08-13 14:55:00,1250189700,"August 13, 2009"
08/20/2009,06:02 AM,New Moon,1,2009-08-20 06:02:00,1250762520,"August 20, 2009"
08/27/2009,07:42 AM,First Quarter,2,2009-08-27 07:42:00,1251373320,"August 27, 2009"
09/04/2009,12:03 PM,Full Moon,3,2009-09-04 12:03:00,1252080180,"September 4, 2009"
09/11/2009,10:16 PM,Last Quarter,4,2009-09-11 22:16:00,1252721760,"September 11, 2009"
09/18/2009,02:44 PM,New Moon,1,2009-09-18 14:44:00,1253299440,"September 18, 2009"
09/26/2009,12:50 AM,First Quarter,2,2009-09-26 00:50:00,1253940600,"September 26, 2009"
10/04/2009,02:10 AM,Full Moon,3,2009-10-04 02:10:00,1254636600,"October 4, 2009"
10/11/2009,04:56 AM,Last Quarter,4,2009-10-11 04:56:00,1255251360,"October 11, 2009"
10/18/2009,01:33 AM,New Moon,1,2009-10-18 01:33:00,1255843980,"October 18, 2009"
10/25/2009,08:42 PM,First Quarter,2,2009-10-25 20:42:00,1256517720,"October 25, 2009"
11/02/2009,02:14 PM,Full Moon,3,2009-11-02 14:14:00,1257189240,"November 2, 2009"
11/09/2009,10:56 AM,Last Quarter,4,2009-11-09 10:56:00,1257782160,"November 9, 2009"
11/16/2009,02:14 PM,New Moon,1,2009-11-16 14:14:00,1258398840,"November 16, 2009"
11/24/2009,04:39 PM,First Quarter,2,2009-11-24 16:39:00,1259098740,"November 24, 2009"
12/02/2009,02:30 AM,Full Moon,3,2009-12-02 02:30:00,1259739000,"December 2, 2009"
12/08/2009,07:13 PM,Last Quarter,4,2009-12-08 19:13:00,1260317580,"December 8, 2009"
12/16/2009,07:02 AM,New Moon,1,2009-12-16 07:02:00,1260964920,"December 16, 2009"
12/24/2009,12:36 PM,First Quarter,2,2009-12-24 12:36:00,1261676160,"December 24, 2009"
12/31/2009,02:13 PM,Full Moon,3,2009-12-31 14:13:00,1262286780,"December 31, 2009"
01/07/2010,05:39 AM,Last Quarter,4,2010-01-07 05:39:00,1262860740,"January 7, 2010"
01/15/2010,02:11 AM,New Moon,1,2010-01-15 02:11:00,1263539460,"January 15, 2010"
01/23/2010,05:53 AM,First Quarter,2,2010-01-23 05:53:00,1264243980,"January 23, 2010"
01/30/2010,01:18 AM,Full Moon,3,2010-01-30 01:18:00,1264832280,"January 30, 2010"
02/05/2010,06:48 PM,Last Quarter,4,2010-02-05 18:48:00,1265413680,"February 5, 2010"
02/13/2010,09:51 PM,New Moon,1,2010-02-13 21:51:00,1266115860,"February 13, 2010"
02/21/2010,07:42 PM,First Quarter,2,2010-02-21 19:42:00,1266799320,"February 21, 2010"
02/28/2010,11:38 AM,Full Moon,3,2010-02-28 11:38:00,1267375080,"February 28, 2010"
03/07/2010,10:42 AM,Last Quarter,4,2010-03-07 10:42:00,1267976520,"March 7, 2010"
03/15/2010,05:01 PM,New Moon,1,2010-03-15 17:01:00,1268686860,"March 15, 2010"
03/23/2010,07:00 AM,First Quarter,2,2010-03-23 07:00:00,1269342000,"March 23, 2010"
03/29/2010,10:25 PM,Full Moon,3,2010-03-29 22:25:00,1269915900,"March 29, 2010"
04/06/2010,05:37 AM,Last Quarter,4,2010-04-06 05:37:00,1270546620,"April 6, 2010"
04/14/2010,08:29 AM,New Moon,1,2010-04-14 08:29:00,1271248140,"April 14, 2010"
04/21/2010,02:20 PM,First Quarter,2,2010-04-21 14:20:00,1271874000,"April 21, 2010"
04/28/2010,08:18 AM,Full Moon,3,2010-04-28 08:18:00,1272457080,"April 28, 2010"
05/06/2010,12:15 AM,Last Quarter,4,2010-05-06 00:15:00,1273119300,"May 6, 2010"
05/13/2010,09:04 PM,New Moon,1,2010-05-13 21:04:00,1273799040,"May 13, 2010"
05/20/2010,07:43 PM,First Quarter,2,2010-05-20 19:43:00,1274398980,"May 20, 2010"
05/27/2010,07:07 PM,Full Moon,3,2010-05-27 19:07:00,1275001620,"May 27, 2010"
06/04/2010,06:13 PM,Last Quarter,4,2010-06-04 18:13:00,1275689580,"June 4, 2010"
06/12/2010,07:15 AM,New Moon,1,2010-06-12 07:15:00,1276341300,"June 12, 2010"
06/19/2010,12:29 AM,First Quarter,2,2010-06-19 00:29:00,1276921740,"June 19, 2010"
06/26/2010,07:30 AM,Full Moon,3,2010-06-26 07:30:00,1277551800,"June 26, 2010"
07/04/2010,10:35 AM,Last Quarter,4,2010-07-04 10:35:00,1278254100,"July 4, 2010"
07/11/2010,03:40 PM,New Moon,1,2010-07-11 15:40:00,1278877200,"July 11, 2010"
07/18/2010,06:11 AM,First Quarter,2,2010-07-18 06:11:00,1279447860,"July 18, 2010"
07/25/2010,09:37 PM,Full Moon,3,2010-07-25 21:37:00,1280108220,"July 25, 2010"
08/03/2010,12:59 AM,Last Quarter,4,2010-08-03 00:59:00,1280811540,"August 3, 2010"
08/09/2010,11:08 PM,New Moon,1,2010-08-09 23:08:00,1281409680,"August 9, 2010"
08/16/2010,02:14 PM,First Quarter,2,2010-08-16 14:14:00,1281982440,"August 16, 2010"
08/24/2010,01:05 PM,Full Moon,3,2010-08-24 13:05:00,1282669500,"August 24, 2010"
09/01/2010,01:22 PM,Last Quarter,4,2010-09-01 13:22:00,1283361720,"September 1, 2010"
09/08/2010,06:30 AM,New Moon,1,2010-09-08 06:30:00,1283941800,"September 8, 2010"
09/15/2010,01:50 AM,First Quarter,2,2010-09-15 01:50:00,1284529800,"September 15, 2010"
09/23/2010,05:17 AM,Full Moon,3,2010-09-23 05:17:00,1285233420,"September 23, 2010"
09/30/2010,11:52 PM,Last Quarter,4,2010-09-30 23:52:00,1285905120,"September 30, 2010"
10/07/2010,02:44 PM,New Moon,1,2010-10-07 14:44:00,1286477040,"October 7, 2010"
10/14/2010,05:27 PM,First Quarter,2,2010-10-14 17:27:00,1287091620,"October 14, 2010"
10/22/2010,09:37 PM,Full Moon,3,2010-10-22 21:37:00,1287797820,"October 22, 2010"
10/30/2010,08:46 AM,Last Quarter,4,2010-10-30 08:46:00,1288442760,"October 30, 2010"
11/06/2010,12:52 AM,New Moon,1,2010-11-06 00:52:00,1289019120,"November 6, 2010"
11/13/2010,11:39 AM,First Quarter,2,2010-11-13 11:39:00,1289666340,"November 13, 2010"
11/21/2010,12:27 PM,Full Moon,3,2010-11-21 12:27:00,1290360420,"November 21, 2010"
11/28/2010,03:36 PM,Last Quarter,4,2010-11-28 15:36:00,1290976560,"November 28, 2010"
12/05/2010,12:36 PM,New Moon,1,2010-12-05 12:36:00,1291570560,"December 5, 2010"
12/13/2010,08:59 AM,First Quarter,2,2010-12-13 08:59:00,1292248740,"December 13, 2010"
12/21/2010,03:13 AM,Full Moon,3,2010-12-21 03:13:00,1292919180,"December 21, 2010"
12/27/2010,11:18 PM,Last Quarter,4,2010-12-27 23:18:00,1293509880,"December 27, 2010"
01/04/2011,04:03 AM,New Moon,1,2011-01-04 04:03:00,1294131780,"January 4, 2011"
01/12/2011,06:31 AM,First Quarter,2,2011-01-12 06:31:00,1294831860,"January 12, 2011"
01/19/2011,04:21 PM,Full Moon,3,2011-01-19 16:21:00,1295472060,"January 19, 2011"
01/26/2011,07:57 AM,Last Quarter,4,2011-01-26 07:57:00,1296046620,"January 26, 2011"
02/02/2011,09:31 PM,New Moon,1,2011-02-02 21:31:00,1296700260,"February 2, 2011"
02/11/2011,02:18 AM,First Quarter,2,2011-02-11 02:18:00,1297408680,"February 11, 2011"
02/18/2011,03:36 AM,Full Moon,3,2011-02-18 03:36:00,1298018160,"February 18, 2011"
02/24/2011,06:26 PM,Last Quarter,4,2011-02-24 18:26:00,1298589960,"February 24, 2011"
03/04/2011,03:46 PM,New Moon,1,2011-03-04 15:46:00,1299271560,"March 4, 2011"
03/12/2011,06:45 PM,First Quarter,2,2011-03-12 18:45:00,1299973500,"March 12, 2011"
03/19/2011,02:10 PM,Full Moon,3,2011-03-19 14:10:00,1300558200,"March 19, 2011"
03/26/2011,08:07 AM,Last Quarter,4,2011-03-26 08:07:00,1301141220,"March 26, 2011"
04/03/2011,10:32 AM,New Moon,1,2011-04-03 10:32:00,1301841120,"April 3, 2011"
04/11/2011,08:05 AM,First Quarter,2,2011-04-11 08:05:00,1302523500,"April 11, 2011"
04/17/2011,10:44 PM,Full Moon,3,2011-04-17 22:44:00,1303094640,"April 17, 2011"
04/24/2011,10:47 PM,Last Quarter,4,2011-04-24 22:47:00,1303699620,"April 24, 2011"
05/03/2011,02:51 AM,New Moon,1,2011-05-03 02:51:00,1304405460,"May 3, 2011"
05/10/2011,04:33 PM,First Quarter,2,2011-05-10 16:33:00,1305059580,"May 10, 2011"
05/17/2011,07:09 AM,Full Moon,3,2011-05-17 07:09:00,1305630540,"May 17, 2011"
05/24/2011,02:52 PM,Last Quarter,4,2011-05-24 14:52:00,1306263120,"May 24, 2011"
06/01/2011,05:03 PM,New Moon,1,2011-06-01 17:03:00,1306962180,"June 1, 2011"
06/08/2011,10:11 PM,First Quarter,2,2011-06-08 22:11:00,1307585460,"June 8, 2011"
06/15/2011,04:14 PM,Full Moon,3,2011-06-15 16:14:00,1308168840,"June 15, 2011"
06/23/2011,07:48 AM,Last Quarter,4,2011-06-23 07:48:00,1308829680,"June 23, 2011"
07/01/2011,04:54 AM,New Moon,1,2011-07-01 04:54:00,1309510440,"July 1, 2011"
07/08/2011,02:29 AM,First Quarter,2,2011-07-08 02:29:00,1310106540,"July 8, 2011"
07/15/2011,02:40 AM,Full Moon,3,2011-07-15 02:40:00,1310712000,"July 15, 2011"
07/23/2011,01:02 AM,Last Quarter,4,2011-07-23 01:02:00,1311397320,"July 23, 2011"
07/30/2011,02:40 PM,New Moon,1,2011-07-30 14:40:00,1312051200,"July 30, 2011"
08/06/2011,07:08 AM,First Quarter,2,2011-08-06 07:08:00,1312628880,"August 6, 2011"
08/13/2011,02:58 PM,Full Moon,3,2011-08-13 14:58:00,1313261880,"August 13, 2011"
08/21/2011,05:54 PM,Last Quarter,4,2011-08-21 17:54:00,1313963640,"August 21, 2011"
08/28/2011,11:04 PM,New Moon,1,2011-08-28 23:04:00,1314587040,"August 28, 2011"
09/04/2011,01:39 PM,First Quarter,2,2011-09-04 13:39:00,1315157940,"September 4, 2011"
09/12/2011,05:27 AM,Full Moon,3,2011-09-12 05:27:00,1315819620,"September 12, 2011"
09/20/2011,09:39 AM,Last Quarter,4,2011-09-20 09:39:00,1316525940,"September 20, 2011"
09/27/2011,07:09 AM,New Moon,1,2011-09-27 07:09:00,1317121740,"September 27, 2011"
10/03/2011,11:15 PM,First Quarter,2,2011-10-03 23:15:00,1317698100,"October 3, 2011"
10/11/2011,10:06 PM,Full Moon,3,2011-10-11 22:06:00,1318385160,"October 11, 2011"
10/19/2011,11:30 PM,Last Quarter,4,2011-10-19 23:30:00,1319081400,"October 19, 2011"
10/26/2011,03:56 PM,New Moon,1,2011-10-26 15:56:00,1319658960,"October 26, 2011"
11/02/2011,12:38 PM,First Quarter,2,2011-11-02 12:38:00,1320251880,"November 2, 2011"
11/10/2011,03:16 PM,Full Moon,3,2011-11-10 15:16:00,1320956160,"November 10, 2011"
11/18/2011,10:09 AM,Last Quarter,4,2011-11-18 10:09:00,1321628940,"November 18, 2011"
11/25/2011,01:10 AM,New Moon,1,2011-11-25 01:10:00,1322201400,"November 25, 2011"
12/02/2011,04:52 AM,First Quarter,2,2011-12-02 04:52:00,1322819520,"December 2, 2011"
12/10/2011,09:36 AM,Full Moon,3,2011-12-10 09:36:00,1323527760,"December 10, 2011"
12/17/2011,07:48 PM,Last Quarter,4,2011-12-17 19:48:00,1324169280,"December 17, 2011"
12/24/2011,01:06 PM,New Moon,1,2011-12-24 13:06:00,1324749960,"December 24, 2011"
01/01/2012,01:15 AM,First Quarter,2,2012-01-01 01:15:00,1325398500,"January 1, 2012"
01/09/2012,02:30 AM,Full Moon,3,2012-01-09 02:30:00,1326094200,"January 9, 2012"
01/16/2012,04:08 AM,Last Quarter,4,2012-01-16 04:08:00,1326704880,"January 16, 2012"
01/23/2012,02:39 AM,New Moon,1,2012-01-23 02:39:00,1327304340,"January 23, 2012"
01/30/2012,11:10 PM,First Quarter,2,2012-01-30 23:10:00,1327983000,"January 30, 2012"
02/07/2012,04:54 PM,Full Moon,3,2012-02-07 16:54:00,1328651640,"February 7, 2012"
02/14/2012,12:04 PM,Last Quarter,4,2012-02-14 12:04:00,1329239040,"February 14, 2012"
02/21/2012,05:35 PM,New Moon,1,2012-02-21 17:35:00,1329863700,"February 21, 2012"
02/29/2012,08:21 PM,First Quarter,2,2012-02-29 20:21:00,1330564860,"February 29, 2012"
03/08/2012,04:39 AM,Full Moon,3,2012-03-08 04:39:00,1331199540,"March 8, 2012"
03/14/2012,09:25 PM,Last Quarter,4,2012-03-14 21:25:00,1331774700,"March 14, 2012"
03/22/2012,10:37 AM,New Moon,1,2012-03-22 10:37:00,1332427020,"March 22, 2012"
03/30/2012,03:41 PM,First Quarter,2,2012-03-30 15:41:00,1333136460,"March 30, 2012"
04/06/2012,03:19 PM,Full Moon,3,2012-04-06 15:19:00,1333739940,"April 6, 2012"
04/13/2012,06:50 AM,Last Quarter,4,2012-04-13 06:50:00,1334314200,"April 13, 2012"
04/21/2012,03:18 AM,New Moon,1,2012-04-21 03:18:00,1334992680,"April 21, 2012"
04/29/2012,05:57 AM,First Quarter,2,2012-04-29 05:57:00,1335693420,"April 29, 2012"
05/05/2012,11:35 PM,Full Moon,3,2012-05-05 23:35:00,1336275300,"May 5, 2012"
05/12/2012,05:47 PM,Last Quarter,4,2012-05-12 17:47:00,1336859220,"May 12, 2012"
05/20/2012,07:47 PM,New Moon,1,2012-05-20 19:47:00,1337557620,"May 20, 2012"
05/28/2012,04:16 PM,First Quarter,2,2012-05-28 16:16:00,1338236160,"May 28, 2012"
06/04/2012,07:12 AM,Full Moon,3,2012-06-04 07:12:00,1338808320,"June 4, 2012"
06/11/2012,06:41 AM,Last Quarter,4,2012-06-11 06:41:00,1339411260,"June 11, 2012"
06/19/2012,11:02 AM,New Moon,1,2012-06-19 11:02:00,1340118120,"June 19, 2012"
06/26/2012,11:30 PM,First Quarter,2,2012-06-26 23:30:00,1340767800,"June 26, 2012"
07/03/2012,02:52 PM,Full Moon,3,2012-07-03 14:52:00,1341341520,"July 3, 2012"
07/10/2012,09:48 PM,Last Quarter,4,2012-07-10 21:48:00,1341971280,"July 10, 2012"
07/19/2012,12:24 AM,New Moon,1,2012-07-19 00:24:00,1342671840,"July 19, 2012"
07/26/2012,04:56 AM,First Quarter,2,2012-07-26 04:56:00,1343292960,"July 26, 2012"
08/01/2012,11:27 PM,Full Moon,3,2012-08-01 23:27:00,1343878020,"August 1, 2012"
08/09/2012,02:55 PM,Last Quarter,4,2012-08-09 14:55:00,1344538500,"August 9, 2012"
08/17/2012,11:54 AM,New Moon,1,2012-08-17 11:54:00,1345218840,"August 17, 2012"
08/24/2012,09:54 AM,First Quarter,2,2012-08-24 09:54:00,1345816440,"August 24, 2012"
08/31/2012,09:58 AM,Full Moon,3,2012-08-31 09:58:00,1346421480,"August 31, 2012"
09/08/2012,09:15 AM,Last Quarter,4,2012-09-08 09:15:00,1347110100,"September 8, 2012"
09/15/2012,10:11 PM,New Moon,1,2012-09-15 22:11:00,1347761460,"September 15, 2012"
09/22/2012,03:41 PM,First Quarter,2,2012-09-22 15:41:00,1348342860,"September 22, 2012"
09/29/2012,11:19 PM,Full Moon,3,2012-09-29 23:19:00,1348975140,"September 29, 2012"
10/08/2012,03:33 AM,Last Quarter,4,2012-10-08 03:33:00,1349681580,"October 8, 2012"
10/15/2012,08:03 AM,New Moon,1,2012-10-15 08:03:00,1350302580,"October 15, 2012"
10/21/2012,11:32 PM,First Quarter,2,2012-10-21 23:32:00,1350876720,"October 21, 2012"
10/29/2012,03:49 PM,Full Moon,3,2012-10-29 15:49:00,1351540140,"October 29, 2012"
11/06/2012,07:36 PM,Last Quarter,4,2012-11-06 19:36:00,1352248560,"November 6, 2012"
11/13/2012,05:08 PM,New Moon,1,2012-11-13 17:08:00,1352844480,"November 13, 2012"
11/20/2012,09:31 AM,First Quarter,2,2012-11-20 09:31:00,1353421860,"November 20, 2012"
11/28/2012,09:46 AM,Full Moon,3,2012-11-28 09:46:00,1354113960,"November 28, 2012"
12/06/2012,10:31 AM,Last Quarter,4,2012-12-06 10:31:00,1354807860,"December 6, 2012"
12/13/2012,03:42 AM,New Moon,1,2012-12-13 03:42:00,1355388120,"December 13, 2012"
12/20/2012,12:19 AM,First Quarter,2,2012-12-20 00:19:00,1355980740,"December 20, 2012"
12/28/2012,05:21 AM,Full Moon,3,2012-12-28 05:21:00,1356690060,"December 28, 2012"
01/04/2013,10:58 PM,Last Quarter,4,2013-01-04 22:58:00,1357358280,"January 4, 2013"
01/11/2013,02:44 PM,New Moon,1,2013-01-11 14:44:00,1357933440,"January 11, 2013"
01/18/2013,06:45 PM,First Quarter,2,2013-01-18 18:45:00,1358552700,"January 18, 2013"
01/26/2013,11:38 PM,Full Moon,3,2013-01-26 23:38:00,1359261480,"January 26, 2013"
02/03/2013,08:56 AM,Last Quarter,4,2013-02-03 08:56:00,1359899760,"February 3, 2013"
02/10/2013,02:20 AM,New Moon,1,2013-02-10 02:20:00,1360480800,"February 10, 2013"
02/17/2013,03:31 PM,First Quarter,2,2013-02-17 15:31:00,1361133060,"February 17, 2013"
02/25/2013,03:26 PM,Full Moon,3,2013-02-25 15:26:00,1361823960,"February 25, 2013"
03/04/2013,04:53 PM,Last Quarter,4,2013-03-04 16:53:00,1362433980,"March 4, 2013"
03/11/2013,03:51 PM,New Moon,1,2013-03-11 15:51:00,1363031460,"March 11, 2013"
03/19/2013,01:27 PM,First Quarter,2,2013-03-19 13:27:00,1363714020,"March 19, 2013"
03/27/2013,05:27 AM,Full Moon,3,2013-03-27 05:27:00,1364376420,"March 27, 2013"
04/03/2013,12:37 AM,Last Quarter,4,2013-04-03 00:37:00,1364963820,"April 3, 2013"
04/10/2013,05:35 AM,New Moon,1,2013-04-10 05:35:00,1365586500,"April 10, 2013"
04/18/2013,08:31 AM,First Quarter,2,2013-04-18 08:31:00,1366288260,"April 18, 2013"
04/25/2013,03:57 PM,Full Moon,3,2013-04-25 15:57:00,1366919820,"April 25, 2013"
05/02/2013,07:14 AM,Last Quarter,4,2013-05-02 07:14:00,1367493240,"May 2, 2013"
05/09/2013,08:28 PM,New Moon,1,2013-05-09 20:28:00,1368145680,"May 9, 2013"
05/18/2013,12:35 AM,First Quarter,2,2013-05-18 00:35:00,1368851700,"May 18, 2013"
05/25/2013,12:25 AM,Full Moon,3,2013-05-25 00:25:00,1369455900,"May 25, 2013"
05/31/2013,02:58 PM,Last Quarter,4,2013-05-31 14:58:00,1370026680,"May 31, 2013"
06/08/2013,11:56 AM,New Moon,1,2013-06-08 11:56:00,1370706960,"June 8, 2013"
06/16/2013,01:24 PM,First Quarter,2,2013-06-16 13:24:00,1371403440,"June 16, 2013"
06/23/2013,07:32 AM,Full Moon,3,2013-06-23 07:32:00,1371987120,"June 23, 2013"
06/30/2013,12:54 AM,Last Quarter,4,2013-06-30 00:54:00,1372568040,"June 30, 2013"
07/08/2013,03:14 AM,New Moon,1,2013-07-08 03:14:00,1373267640,"July 8, 2013"
07/15/2013,11:18 PM,First Quarter,2,2013-07-15 23:18:00,1373944680,"July 15, 2013"
07/22/2013,02:16 PM,Full Moon,3,2013-07-22 14:16:00,1374516960,"July 22, 2013"
07/29/2013,01:43 PM,Last Quarter,4,2013-07-29 13:43:00,1375119780,"July 29, 2013"
08/06/2013,05:51 PM,New Moon,1,2013-08-06 17:51:00,1375825860,"August 6, 2013"
08/14/2013,06:56 AM,First Quarter,2,2013-08-14 06:56:00,1376477760,"August 14, 2013"
08/20/2013,09:45 PM,Full Moon,3,2013-08-20 21:45:00,1377049500,"August 20, 2013"
08/28/2013,05:35 AM,Last Quarter,4,2013-08-28 05:35:00,1377682500,"August 28, 2013"
09/05/2013,07:36 AM,New Moon,1,2013-09-05 07:36:00,1378380960,"September 5, 2013"
09/12/2013,01:08 PM,First Quarter,2,2013-09-12 13:08:00,1379005680,"September 12, 2013"
09/19/2013,07:13 AM,Full Moon,3,2013-09-19 07:13:00,1379589180,"September 19, 2013"
09/26/2013,11:55 PM,Last Quarter,4,2013-09-26 23:55:00,1380254100,"September 26, 2013"
10/04/2013,08:35 PM,New Moon,1,2013-10-04 20:35:00,1380933300,"October 4, 2013"
10/11/2013,07:02 PM,First Quarter,2,2013-10-11 19:02:00,1381532520,"October 11, 2013"
10/18/2013,07:38 PM,Full Moon,3,2013-10-18 19:38:00,1382139480,"October 18, 2013"
10/26/2013,07:40 PM,Last Quarter,4,2013-10-26 19:40:00,1382830800,"October 26, 2013"
11/03/2013,07:50 AM,New Moon,1,2013-11-03 07:50:00,1383483000,"November 3, 2013"
11/10/2013,12:57 AM,First Quarter,2,2013-11-10 00:57:00,1384063020,"November 10, 2013"
11/17/2013,10:16 AM,Full Moon,3,2013-11-17 10:16:00,1384701360,"November 17, 2013"
11/25/2013,02:28 PM,Last Quarter,4,2013-11-25 14:28:00,1385407680,"November 25, 2013"
12/02/2013,07:22 PM,New Moon,1,2013-12-02 19:22:00,1386030120,"December 2, 2013"
12/09/2013,10:12 AM,First Quarter,2,2013-12-09 10:12:00,1386601920,"December 9, 2013"
12/17/2013,04:28 AM,Full Moon,3,2013-12-17 04:28:00,1387272480,"December 17, 2013"
12/25/2013,08:48 AM,Last Quarter,4,2013-12-25 08:48:00,1387979280,"December 25, 2013"
01/01/2014,06:14 AM,New Moon,1,2014-01-01 06:14:00,1388574840,"January 1, 2014"
01/07/2014,10:39 PM,First Quarter,2,2014-01-07 22:39:00,1389152340,"January 7, 2014"
01/15/2014,11:52 PM,Full Moon,3,2014-01-15 23:52:00,1389847920,"January 15, 2014"
01/24/2014,12:20 AM,Last Quarter,4,2014-01-24 00:20:00,1390540800,"January 24, 2014"
01/30/2014,04:39 PM,New Moon,1,2014-01-30 16:39:00,1391117940,"January 30, 2014"
02/06/2014,02:22 PM,First Quarter,2,2014-02-06 14:22:00,1391714520,"February 6, 2014"
02/14/2014,06:53 PM,Full Moon,3,2014-02-14 18:53:00,1392421980,"February 14, 2014"
02/22/2014,12:15 PM,Last Quarter,4,2014-02-22 12:15:00,1393089300,"February 22, 2014"
03/01/2014,03:00 AM,New Moon,1,2014-03-01 03:00:00,1393660800,"March 1, 2014"
03/08/2014,08:27 AM,First Quarter,2,2014-03-08 08:27:00,1394285220,"March 8, 2014"
03/16/2014,01:08 PM,Full Moon,3,2014-03-16 13:08:00,1394989680,"March 16, 2014"
03/23/2014,09:46 PM,Last Quarter,4,2014-03-23 21:46:00,1395625560,"March 23, 2014"
03/30/2014,02:45 PM,New Moon,1,2014-03-30 14:45:00,1396205100,"March 30, 2014"
04/07/2014,04:31 AM,First Quarter,2,2014-04-07 04:31:00,1396859460,"April 7, 2014"
04/15/2014,03:42 AM,Full Moon,3,2014-04-15 03:42:00,1397547720,"April 15, 2014"
04/22/2014,03:52 AM,Last Quarter,4,2014-04-22 03:52:00,1398153120,"April 22, 2014"
04/29/2014,02:14 AM,New Moon,1,2014-04-29 02:14:00,1398752040,"April 29, 2014"
05/06/2014,11:15 PM,First Quarter,2,2014-05-06 23:15:00,1399432500,"May 6, 2014"
05/14/2014,03:16 PM,Full Moon,3,2014-05-14 15:16:00,1400094960,"May 14, 2014"
05/21/2014,08:59 AM,Last Quarter,4,2014-05-21 08:59:00,1400677140,"May 21, 2014"
05/28/2014,02:40 PM,New Moon,1,2014-05-28 14:40:00,1401302400,"May 28, 2014"
06/05/2014,04:39 PM,First Quarter,2,2014-06-05 16:39:00,1402000740,"June 5, 2014"
06/13/2014,12:11 AM,Full Moon,3,2014-06-13 00:11:00,1402632660,"June 13, 2014"
06/19/2014,02:39 PM,Last Quarter,4,2014-06-19 14:39:00,1403203140,"June 19, 2014"
06/27/2014,04:08 AM,New Moon,1,2014-06-27 04:08:00,1403856480,"June 27, 2014"
07/05/2014,07:59 AM,First Quarter,2,2014-07-05 07:59:00,1404561540,"July 5, 2014"
07/12/2014,07:25 AM,Full Moon,3,2014-07-12 07:25:00,1405164300,"July 12, 2014"
07/18/2014,10:08 PM,Last Quarter,4,2014-07-18 22:08:00,1405735680,"July 18, 2014"
07/26/2014,06:42 PM,New Moon,1,2014-07-26 18:42:00,1406414520,"July 26, 2014"
08/03/2014,08:50 PM,First Quarter,2,2014-08-03 20:50:00,1407113400,"August 3, 2014"
08/10/2014,02:09 PM,Full Moon,3,2014-08-10 14:09:00,1407694140,"August 10, 2014"
08/17/2014,08:26 AM,Last Quarter,4,2014-08-17 08:26:00,1408278360,"August 17, 2014"
08/25/2014,10:13 AM,New Moon,1,2014-08-25 10:13:00,1408975980,"August 25, 2014"
09/02/2014,07:11 AM,First Quarter,2,2014-09-02 07:11:00,1409656260,"September 2, 2014"
09/08/2014,09:38 PM,Full Moon,3,2014-09-08 21:38:00,1410226680,"September 8, 2014"
09/15/2014,10:05 PM,Last Quarter,4,2014-09-15 22:05:00,1410833100,"September 15, 2014"
09/24/2014,02:14 AM,New Moon,1,2014-09-24 02:14:00,1411539240,"September 24, 2014"
10/01/2014,03:33 PM,First Quarter,2,2014-10-01 15:33:00,1412191980,"October 1, 2014"
10/08/2014,06:51 AM,Full Moon,3,2014-10-08 06:51:00,1412765460,"October 8, 2014"
10/15/2014,03:12 PM,Last Quarter,4,2014-10-15 15:12:00,1413400320,"October 15, 2014"
10/23/2014,05:57 PM,New Moon,1,2014-10-23 17:57:00,1414101420,"October 23, 2014"
10/30/2014,10:48 PM,First Quarter,2,2014-10-30 22:48:00,1414723680,"October 30, 2014"
11/06/2014,05:23 PM,Full Moon,3,2014-11-06 17:23:00,1415312580,"November 6, 2014"
11/14/2014,10:16 AM,Last Quarter,4,2014-11-14 10:16:00,1415978160,"November 14, 2014"
11/22/2014,07:32 AM,New Moon,1,2014-11-22 07:32:00,1416659520,"November 22, 2014"
11/29/2014,05:06 AM,First Quarter,2,2014-11-29 05:06:00,1417255560,"November 29, 2014"
12/06/2014,07:27 AM,Full Moon,3,2014-12-06 07:27:00,1417868820,"December 6, 2014"
12/14/2014,07:51 AM,Last Quarter,4,2014-12-14 07:51:00,1418561460,"December 14, 2014"
12/21/2014,08:36 PM,New Moon,1,2014-12-21 20:36:00,1419212160,"December 21, 2014"
12/28/2014,01:31 PM,First Quarter,2,2014-12-28 13:31:00,1419791460,"December 28, 2014"
01/04/2015,11:53 PM,Full Moon,3,2015-01-04 23:53:00,1420433580,"January 4, 2015"
01/13/2015,04:46 AM,Last Quarter,4,2015-01-13 04:46:00,1421142360,"January 13, 2015"
01/20/2015,08:14 AM,New Moon,1,2015-01-20 08:14:00,1421759640,"January 20, 2015"
01/26/2015,11:48 PM,First Quarter,2,2015-01-26 23:48:00,1422334080,"January 26, 2015"
02/03/2015,06:09 PM,Full Moon,3,2015-02-03 18:09:00,1423004940,"February 3, 2015"
02/11/2015,10:50 PM,Last Quarter,4,2015-02-11 22:50:00,1423713000,"February 11, 2015"
02/18/2015,06:47 PM,New Moon,1,2015-02-18 18:47:00,1424303220,"February 18, 2015"
02/25/2015,12:14 PM,First Quarter,2,2015-02-25 12:14:00,1424884440,"February 25, 2015"
03/05/2015,01:05 PM,Full Moon,3,2015-03-05 13:05:00,1425578700,"March 5, 2015"
03/13/2015,01:48 PM,Last Quarter,4,2015-03-13 13:48:00,1426268880,"March 13, 2015"
03/20/2015,05:36 AM,New Moon,1,2015-03-20 05:36:00,1426844160,"March 20, 2015"
03/27/2015,03:43 AM,First Quarter,2,2015-03-27 03:43:00,1427442180,"March 27, 2015"
04/04/2015,08:06 AM,Full Moon,3,2015-04-04 08:06:00,1428149160,"April 4, 2015"
04/11/2015,11:44 PM,Last Quarter,4,2015-04-11 23:44:00,1428810240,"April 11, 2015"
04/18/2015,02:57 PM,New Moon,1,2015-04-18 14:57:00,1429383420,"April 18, 2015"
04/25/2015,07:55 PM,First Quarter,2,2015-04-25 19:55:00,1430006100,"April 25, 2015"
05/03/2015,11:42 PM,Full Moon,3,2015-05-03 23:42:00,1430710920,"May 3, 2015"
05/11/2015,06:36 AM,Last Quarter,4,2015-05-11 06:36:00,1431340560,"May 11, 2015"
05/18/2015,12:13 AM,New Moon,1,2015-05-18 00:13:00,1431922380,"May 18, 2015"
05/25/2015,01:19 PM,First Quarter,2,2015-05-25 13:19:00,1432574340,"May 25, 2015"
06/02/2015,12:19 PM,Full Moon,3,2015-06-02 12:19:00,1433261940,"June 2, 2015"
06/09/2015,11:42 AM,Last Quarter,4,2015-06-09 11:42:00,1433864520,"June 9, 2015"
06/16/2015,10:05 AM,New Moon,1,2015-06-16 10:05:00,1434463500,"June 16, 2015"
06/24/2015,07:03 AM,First Quarter,2,2015-06-24 07:03:00,1435143780,"June 24, 2015"
07/01/2015,10:20 PM,Full Moon,3,2015-07-01 22:20:00,1435803600,"July 1, 2015"
07/08/2015,04:24 PM,Last Quarter,4,2015-07-08 16:24:00,1436387040,"July 8, 2015"
07/15/2015,09:24 PM,New Moon,1,2015-07-15 21:24:00,1437009840,"July 15, 2015"
07/24/2015,12:04 AM,First Quarter,2,2015-07-24 00:04:00,1437710640,"July 24, 2015"
07/31/2015,06:43 AM,Full Moon,3,2015-07-31 06:43:00,1438339380,"July 31, 2015"
08/06/2015,10:03 PM,Last Quarter,4,2015-08-06 22:03:00,1438912980,"August 6, 2015"
08/14/2015,10:53 AM,New Moon,1,2015-08-14 10:53:00,1439563980,"August 14, 2015"
08/22/2015,03:31 PM,First Quarter,2,2015-08-22 15:31:00,1440271860,"August 22, 2015"
08/29/2015,02:35 PM,Full Moon,3,2015-08-29 14:35:00,1440873300,"August 29, 2015"
09/05/2015,05:54 AM,Last Quarter,4,2015-09-05 05:54:00,1441446840,"September 5, 2015"
09/13/2015,02:41 AM,New Moon,1,2015-09-13 02:41:00,1442126460,"September 13, 2015"
09/21/2015,04:59 AM,First Quarter,2,2015-09-21 04:59:00,1442825940,"September 21, 2015"
09/27/2015,10:51 PM,Full Moon,3,2015-09-27 22:51:00,1443408660,"September 27, 2015"
10/04/2015,05:06 PM,Last Quarter,4,2015-10-04 17:06:00,1443992760,"October 4, 2015"
10/12/2015,08:06 PM,New Moon,1,2015-10-12 20:06:00,1444694760,"October 12, 2015"
10/20/2015,04:31 PM,First Quarter,2,2015-10-20 16:31:00,1445373060,"October 20, 2015"
10/27/2015,08:05 AM,Full Moon,3,2015-10-27 08:05:00,1445947500,"October 27, 2015"
11/03/2015,07:24 AM,Last Quarter,4,2015-11-03 07:24:00,1446553440,"November 3, 2015"
11/11/2015,12:47 PM,New Moon,1,2015-11-11 12:47:00,1447264020,"November 11, 2015"
11/19/2015,01:27 AM,First Quarter,2,2015-11-19 01:27:00,1447914420,"November 19, 2015"
11/25/2015,05:44 PM,Full Moon,3,2015-11-25 17:44:00,1448491440,"November 25, 2015"
12/03/2015,02:40 AM,Last Quarter,4,2015-12-03 02:40:00,1449128400,"December 3, 2015"
12/11/2015,05:29 AM,New Moon,1,2015-12-11 05:29:00,1449829740,"December 11, 2015"
12/18/2015,10:14 AM,First Quarter,2,2015-12-18 10:14:00,1450451640,"December 18, 2015"
12/25/2015,06:11 AM,Full Moon,3,2015-12-25 06:11:00,1451041860,"December 25, 2015"
01/02/2016,12:30 AM,Last Quarter,4,2016-01-02 00:30:00,1451712600,"January 2, 2016"
01/09/2016,08:31 PM,New Moon,1,2016-01-09 20:31:00,1452389460,"January 9, 2016"
01/16/2016,06:26 PM,First Quarter,2,2016-01-16 18:26:00,1452986760,"January 16, 2016"
01/23/2016,08:46 PM,Full Moon,3,2016-01-23 20:46:00,1453599960,"January 23, 2016"
01/31/2016,10:28 PM,Last Quarter,4,2016-01-31 22:28:00,1454297280,"January 31, 2016"
02/08/2016,09:39 AM,New Moon,1,2016-02-08 09:39:00,1454942340,"February 8, 2016"
02/15/2016,02:46 AM,First Quarter,2,2016-02-15 02:46:00,1455522360,"February 15, 2016"
02/22/2016,01:20 PM,Full Moon,3,2016-02-22 13:20:00,1456165200,"February 22, 2016"
03/01/2016,06:11 PM,Last Quarter,4,2016-03-01 18:11:00,1456873860,"March 1, 2016"
03/08/2016,08:54 PM,New Moon,1,2016-03-08 20:54:00,1457488440,"March 8, 2016"
03/15/2016,01:03 PM,First Quarter,2,2016-03-15 13:03:00,1458061380,"March 15, 2016"
03/23/2016,08:01 AM,Full Moon,3,2016-03-23 08:01:00,1458734460,"March 23, 2016"
03/31/2016,11:17 AM,Last Quarter,4,2016-03-31 11:17:00,1459437420,"March 31, 2016"
04/07/2016,07:24 AM,New Moon,1,2016-04-07 07:24:00,1460028240,"April 7, 2016"
04/13/2016,11:59 PM,First Quarter,2,2016-04-13 23:59:00,1460606340,"April 13, 2016"
04/22/2016,01:24 AM,Full Moon,3,2016-04-22 01:24:00,1461302640,"April 22, 2016"
04/29/2016,11:29 PM,Last Quarter,4,2016-04-29 23:29:00,1461986940,"April 29, 2016"
05/06/2016,03:30 PM,New Moon,1,2016-05-06 15:30:00,1462563000,"May 6, 2016"
05/13/2016,01:02 PM,First Quarter,2,2016-05-13 13:02:00,1463158920,"May 13, 2016"
05/21/2016,05:14 PM,Full Moon,3,2016-05-21 17:14:00,1463865240,"May 21, 2016"
05/29/2016,08:12 AM,Last Quarter,4,2016-05-29 08:12:00,1464523920,"May 29, 2016"
06/04/2016,11:00 PM,New Moon,1,2016-06-04 23:00:00,1465095600,"June 4, 2016"
06/12/2016,04:10 AM,First Quarter,2,2016-06-12 04:10:00,1465719000,"June 12, 2016"
06/20/2016,07:02 AM,Full Moon,3,2016-06-20 07:02:00,1466420520,"June 20, 2016"
06/27/2016,02:19 PM,Last Quarter,4,2016-06-27 14:19:00,1467051540,"June 27, 2016"
07/04/2016,07:01 AM,New Moon,1,2016-07-04 07:01:00,1467630060,"July 4, 2016"
07/11/2016,08:52 PM,First Quarter,2,2016-07-11 20:52:00,1468284720,"July 11, 2016"
07/19/2016,06:57 PM,Full Moon,3,2016-07-19 18:57:00,1468969020,"July 19, 2016"
07/26/2016,07:00 PM,Last Quarter,4,2016-07-26 19:00:00,1469574000,"July 26, 2016"
08/02/2016,04:45 PM,New Moon,1,2016-08-02 16:45:00,1470170700,"August 2, 2016"
08/10/2016,02:21 PM,First Quarter,2,2016-08-10 14:21:00,1470853260,"August 10, 2016"
08/18/2016,05:27 AM,Full Moon,3,2016-08-18 05:27:00,1471512420,"August 18, 2016"
08/24/2016,11:41 PM,Last Quarter,4,2016-08-24 23:41:00,1472096460,"August 24, 2016"
09/01/2016,05:03 AM,New Moon,1,2016-09-01 05:03:00,1472720580,"September 1, 2016"
09/09/2016,07:49 AM,First Quarter,2,2016-09-09 07:49:00,1473421740,"September 9, 2016"
09/16/2016,03:05 PM,Full Moon,3,2016-09-16 15:05:00,1474052700,"September 16, 2016"
09/23/2016,05:56 AM,Last Quarter,4,2016-09-23 05:56:00,1474624560,"September 23, 2016"
09/30/2016,08:11 PM,New Moon,1,2016-09-30 20:11:00,1475280660,"September 30, 2016"
10/09/2016,12:33 AM,First Quarter,2,2016-10-09 00:33:00,1475987580,"October 9, 2016"
10/16/2016,12:23 AM,Full Moon,3,2016-10-16 00:23:00,1476591780,"October 16, 2016"
10/22/2016,03:14 PM,Last Quarter,4,2016-10-22 15:14:00,1477163640,"October 22, 2016"
10/30/2016,01:38 PM,New Moon,1,2016-10-30 13:38:00,1477849080,"October 30, 2016"
11/07/2016,02:51 PM,First Quarter,2,2016-11-07 14:51:00,1478548260,"November 7, 2016"
11/14/2016,08:52 AM,Full Moon,3,2016-11-14 08:52:00,1479131520,"November 14, 2016"
11/21/2016,03:33 AM,Last Quarter,4,2016-11-21 03:33:00,1479717180,"November 21, 2016"
11/29/2016,07:18 AM,New Moon,1,2016-11-29 07:18:00,1480421880,"November 29, 2016"
12/07/2016,04:03 AM,First Quarter,2,2016-12-07 04:03:00,1481101380,"December 7, 2016"
12/13/2016,07:06 PM,Full Moon,3,2016-12-13 19:06:00,1481673960,"December 13, 2016"
12/20/2016,08:56 PM,Last Quarter,4,2016-12-20 20:56:00,1482285360,"December 20, 2016"
12/29/2016,01:53 AM,New Moon,1,2016-12-29 01:53:00,1482994380,"December 29, 2016"
